id,output,gt,text
0,null,null,"""Sample 0 training sample - Nike pants and hoodies"""
4,null,null,"""Sample 100 training sample - Nike pants and pants"""
8,null,null,"""Sample 200 training sample - Nike football and pants"""
12,null,null,"""Sample 300 training sample - Nike sweaters and pants"""
16,null,null,"""Sample 400 training sample - Nike tshirts and socks"""
20,null,null,"""Sample 500 training sample - Nike sweaters and pants"""
24,null,null,"""Sample 600 training sample - Nike football and socks"""
28,null,null,"""Sample 700 training sample - Nike hoodies and hoodies"""
32,null,null,"""Sample 800 training sample - Nike pants and jeans"""
36,null,null,"""Sample 900 training sample - Nike socks and hoodies"""
40,null,null,"""Sample 1000 training sample - Nike tshirts and jeans"""
44,null,null,"""Sample 1100 training sample - Nike pants and sweaters"""
48,null,null,"""Sample 1200 training sample - Nike shoes and shoes"""
52,null,null,"""Sample 1300 training sample - Nike tshirts and hoodies"""
56,null,null,"""Sample 1400 training sample - Nike socks and hoodies"""
60,null,null,"""Sample 1500 training sample - Nike jeans and sweaters"""
64,null,null,"""Sample 1600 training sample - Nike tshirts and football"""
68,null,null,"""Sample 1700 training sample - Nike tshirts and tshirts"""
72,null,null,"""Sample 1800 training sample - Nike hoodies and sweaters"""
76,null,null,"""Sample 1900 training sample - Nike sweaters and hoodies"""
80,null,null,"""Sample 2000 training sample - Nike football and sweaters"""
84,null,null,"""Sample 2100 training sample - Nike football and hoodies"""
88,null,null,"""Sample 2200 training sample - Nike hoodies and socks"""
92,null,null,"""Sample 2300 training sample - Nike hoodies and tshirts"""
96,null,null,"""Sample 2400 training sample - Nike socks and tshirts"""
100,null,null,"""Sample 2500 training sample - Nike pants and tshirts"""
104,null,null,"""Sample 2600 training sample - Nike jeans and tshirts"""
108,null,null,"""Sample 2700 training sample - Nike hoodies and socks"""
112,null,null,"""Sample 2800 training sample - Nike tshirts and tshirts"""
116,null,null,"""Sample 2900 training sample - Nike shoes and tshirts"""
120,null,null,"""Sample 3000 training sample - Nike tshirts and hoodies"""
124,null,null,"""Sample 3100 training sample - Nike pants and socks"""
128,null,null,"""Sample 3200 training sample - Nike hoodies and jeans"""
132,null,null,"""Sample 3300 training sample - Nike pants and shoes"""
136,null,null,"""Sample 3400 training sample - Nike hoodies and sweaters"""
140,null,null,"""Sample 3500 training sample - Nike hoodies and pants"""
144,null,null,"""Sample 3600 training sample - Nike pants and sweaters"""
148,null,null,"""Sample 3700 training sample - Nike football and tshirts"""
152,null,null,"""Sample 3800 training sample - Nike shoes and tshirts"""
156,null,null,"""Sample 3900 training sample - Nike tshirts and tshirts"""
160,null,null,"""Sample 4000 training sample - Nike shoes and pants"""
164,null,null,"""Sample 4100 training sample - Nike pants and sweaters"""
168,null,null,"""Sample 4200 training sample - Nike pants and hoodies"""
172,null,null,"""Sample 4300 training sample - Nike jeans and shoes"""
176,null,null,"""Sample 4400 training sample - Nike football and socks"""
180,null,null,"""Sample 4500 training sample - Nike tshirts and shoes"""
184,null,null,"""Sample 4600 training sample - Nike pants and shoes"""
188,null,null,"""Sample 4700 training sample - Nike sweaters and socks"""
192,null,null,"""Sample 4800 training sample - Nike sweaters and sweaters"""
196,null,null,"""Sample 4900 training sample - Nike shoes and pants"""
200,null,null,"""Sample 5000 training sample - Nike pants and football"""
204,null,null,"""Sample 5100 training sample - Nike jeans and hoodies"""
208,null,null,"""Sample 5200 training sample - Nike football and jeans"""
212,null,null,"""Sample 5300 training sample - Nike pants and sweaters"""
216,null,null,"""Sample 5400 training sample - Nike pants and shoes"""
220,null,null,"""Sample 5500 training sample - Nike pants and shoes"""
224,null,null,"""Sample 5600 training sample - Nike sweaters and socks"""
228,null,null,"""Sample 5700 training sample - Nike hoodies and sweaters"""
232,null,null,"""Sample 5800 training sample - Nike shoes and socks"""
236,null,null,"""Sample 5900 training sample - Nike tshirts and jeans"""
240,null,null,"""Sample 6000 training sample - Nike pants and football"""
244,null,null,"""Sample 6100 training sample - Nike sweaters and pants"""
248,null,null,"""Sample 6200 training sample - Nike football and socks"""
252,null,null,"""Sample 6300 training sample - Nike hoodies and tshirts"""
256,null,null,"""Sample 6400 training sample - Nike football and football"""
260,null,null,"""Sample 6500 training sample - Nike shoes and tshirts"""
264,null,null,"""Sample 6600 training sample - Nike socks and football"""
268,null,null,"""Sample 6700 training sample - Nike sweaters and socks"""
272,null,null,"""Sample 6800 training sample - Nike tshirts and shoes"""
276,null,null,"""Sample 6900 training sample - Nike hoodies and sweaters"""
280,null,null,"""Sample 7000 training sample - Nike jeans and jeans"""
284,null,null,"""Sample 7100 training sample - Nike tshirts and socks"""
288,null,null,"""Sample 7200 training sample - Nike shoes and shoes"""
292,null,null,"""Sample 7300 training sample - Nike hoodies and socks"""
296,null,null,"""Sample 7400 training sample - Nike shoes and sweaters"""
300,null,null,"""Sample 7500 training sample - Nike football and hoodies"""
304,null,null,"""Sample 7600 training sample - Nike shoes and socks"""
308,null,null,"""Sample 7700 training sample - Nike pants and socks"""
312,null,null,"""Sample 7800 training sample - Nike tshirts and tshirts"""
316,null,null,"""Sample 7900 training sample - Nike jeans and shoes"""
320,null,null,"""Sample 8000 training sample - Nike football and hoodies"""
324,null,null,"""Sample 8100 training sample - Nike pants and sweaters"""
328,null,null,"""Sample 8200 training sample - Nike socks and football"""
332,null,null,"""Sample 8300 training sample - Nike hoodies and socks"""
336,null,null,"""Sample 8400 training sample - Nike socks and sweaters"""
340,null,null,"""Sample 8500 training sample - Nike sweaters and hoodies"""
344,null,null,"""Sample 8600 training sample - Nike hoodies and football"""
348,null,null,"""Sample 8700 training sample - Nike socks and football"""
352,null,null,"""Sample 8800 training sample - Nike football and pants"""
356,null,null,"""Sample 8900 training sample - Nike pants and shoes"""
360,null,null,"""Sample 9000 training sample - Nike socks and sweaters"""
364,null,null,"""Sample 9100 training sample - Nike hoodies and sweaters"""
368,null,null,"""Sample 9200 training sample - Nike sweaters and sweaters"""
372,null,null,"""Sample 9300 training sample - Nike pants and pants"""
376,null,null,"""Sample 9400 training sample - Nike pants and football"""
380,null,null,"""Sample 9500 training sample - Nike pants and jeans"""
384,null,null,"""Sample 9600 training sample - Nike football and hoodies"""
388,null,null,"""Sample 9700 training sample - Nike pants and socks"""
392,null,null,"""Sample 9800 training sample - Nike tshirts and socks"""
396,null,null,"""Sample 9900 training sample - Nike sweaters and socks"""
400,null,null,"""Sample 10000 training sample - Nike football and shoes"""
404,null,null,"""Sample 10100 training sample - Nike football and sweaters"""
408,null,null,"""Sample 10200 training sample - Nike sweaters and football"""
412,null,null,"""Sample 10300 training sample - Nike socks and football"""
416,null,null,"""Sample 10400 training sample - Nike sweaters and shoes"""
420,null,null,"""Sample 10500 training sample - Nike football and shoes"""
424,null,null,"""Sample 10600 training sample - Nike pants and pants"""
428,null,null,"""Sample 10700 training sample - Nike football and jeans"""
432,null,null,"""Sample 10800 training sample - Nike hoodies and sweaters"""
436,null,null,"""Sample 10900 training sample - Nike sweaters and socks"""
440,null,null,"""Sample 11000 training sample - Nike pants and socks"""
444,null,null,"""Sample 11100 training sample - Nike jeans and sweaters"""
448,null,null,"""Sample 11200 training sample - Nike pants and socks"""
452,null,null,"""Sample 11300 training sample - Nike shoes and socks"""
456,null,null,"""Sample 11400 training sample - Nike tshirts and socks"""
460,null,null,"""Sample 11500 training sample - Nike tshirts and hoodies"""
464,null,null,"""Sample 11600 training sample - Nike shoes and shoes"""
468,null,null,"""Sample 11700 training sample - Nike hoodies and shoes"""
472,null,null,"""Sample 11800 training sample - Nike pants and football"""
476,null,null,"""Sample 11900 training sample - Nike hoodies and socks"""
480,null,null,"""Sample 12000 training sample - Nike sweaters and jeans"""
484,null,null,"""Sample 12100 training sample - Nike shoes and shoes"""
488,null,null,"""Sample 12200 training sample - Nike socks and jeans"""
492,null,null,"""Sample 12300 training sample - Nike football and jeans"""
496,null,null,"""Sample 12400 training sample - Nike football and football"""
500,null,null,"""Sample 12500 training sample - Nike sweaters and football"""
504,null,null,"""Sample 12600 training sample - Nike football and football"""
508,null,null,"""Sample 12700 training sample - Nike hoodies and sweaters"""
512,null,null,"""Sample 12800 training sample - Nike hoodies and socks"""
516,null,null,"""Sample 12900 training sample - Nike football and shoes"""
520,null,null,"""Sample 13000 training sample - Nike hoodies and sweaters"""
524,null,null,"""Sample 13100 training sample - Nike sweaters and socks"""
528,null,null,"""Sample 13200 training sample - Nike pants and football"""
532,null,null,"""Sample 13300 training sample - Nike jeans and jeans"""
536,null,null,"""Sample 13400 training sample - Nike hoodies and pants"""
540,null,null,"""Sample 13500 training sample - Nike tshirts and pants"""
544,null,null,"""Sample 13600 training sample - Nike shoes and sweaters"""
548,null,null,"""Sample 13700 training sample - Nike pants and tshirts"""
552,null,null,"""Sample 13800 training sample - Nike socks and tshirts"""
556,null,null,"""Sample 13900 training sample - Nike tshirts and socks"""
560,null,null,"""Sample 14000 training sample - Nike hoodies and sweaters"""
564,null,null,"""Sample 14100 training sample - Nike shoes and jeans"""
568,null,null,"""Sample 14200 training sample - Nike shoes and socks"""
572,null,null,"""Sample 14300 training sample - Nike socks and socks"""
576,null,null,"""Sample 14400 training sample - Nike shoes and football"""
580,null,null,"""Sample 14500 training sample - Nike pants and shoes"""
584,null,null,"""Sample 14600 training sample - Nike pants and sweaters"""
588,null,null,"""Sample 14700 training sample - Nike sweaters and football"""
592,null,null,"""Sample 14800 training sample - Nike sweaters and football"""
596,null,null,"""Sample 14900 training sample - Nike jeans and sweaters"""
600,null,null,"""Sample 15000 training sample - Nike hoodies and football"""
604,null,null,"""Sample 15100 training sample - Nike shoes and tshirts"""
608,null,null,"""Sample 15200 training sample - Nike hoodies and jeans"""
612,null,null,"""Sample 15300 training sample - Nike shoes and socks"""
616,null,null,"""Sample 15400 training sample - Nike football and pants"""
620,null,null,"""Sample 15500 training sample - Nike sweaters and hoodies"""
624,null,null,"""Sample 15600 training sample - Nike shoes and shoes"""
628,null,null,"""Sample 15700 training sample - Nike tshirts and tshirts"""
632,null,null,"""Sample 15800 training sample - Nike jeans and socks"""
636,null,null,"""Sample 15900 training sample - Nike shoes and sweaters"""
640,null,null,"""Sample 16000 training sample - Nike sweaters and football"""
644,null,null,"""Sample 16100 training sample - Nike shoes and sweaters"""
648,null,null,"""Sample 16200 training sample - Nike jeans and jeans"""
652,null,null,"""Sample 16300 training sample - Nike pants and sweaters"""
656,null,null,"""Sample 16400 training sample - Nike hoodies and football"""
660,null,null,"""Sample 16500 training sample - Nike tshirts and socks"""
664,null,null,"""Sample 16600 training sample - Nike football and sweaters"""
668,null,null,"""Sample 16700 training sample - Nike tshirts and shoes"""
672,null,null,"""Sample 16800 training sample - Nike tshirts and hoodies"""
676,null,null,"""Sample 16900 training sample - Nike football and socks"""
680,null,null,"""Sample 17000 training sample - Nike tshirts and football"""
684,null,null,"""Sample 17100 training sample - Nike socks and pants"""
688,null,null,"""Sample 17200 training sample - Nike jeans and hoodies"""
692,null,null,"""Sample 17300 training sample - Nike socks and tshirts"""
696,null,null,"""Sample 17400 training sample - Nike football and hoodies"""
700,null,null,"""Sample 17500 training sample - Nike football and shoes"""
704,null,null,"""Sample 17600 training sample - Nike sweaters and pants"""
708,null,null,"""Sample 17700 training sample - Nike sweaters and socks"""
712,null,null,"""Sample 17800 training sample - Nike shoes and socks"""
716,null,null,"""Sample 17900 training sample - Nike hoodies and football"""
720,null,null,"""Sample 18000 training sample - Nike hoodies and pants"""
724,null,null,"""Sample 18100 training sample - Nike football and jeans"""
728,null,null,"""Sample 18200 training sample - Nike tshirts and football"""
732,null,null,"""Sample 18300 training sample - Nike tshirts and socks"""
736,null,null,"""Sample 18400 training sample - Nike jeans and pants"""
740,null,null,"""Sample 18500 training sample - Nike sweaters and tshirts"""
744,null,null,"""Sample 18600 training sample - Nike socks and jeans"""
748,null,null,"""Sample 18700 training sample - Nike tshirts and shoes"""
752,null,null,"""Sample 18800 training sample - Nike tshirts and sweaters"""
756,null,null,"""Sample 18900 training sample - Nike jeans and socks"""
760,null,null,"""Sample 19000 training sample - Nike tshirts and jeans"""
764,null,null,"""Sample 19100 training sample - Nike hoodies and tshirts"""
768,null,null,"""Sample 19200 training sample - Nike pants and tshirts"""
772,null,null,"""Sample 19300 training sample - Nike socks and socks"""
776,null,null,"""Sample 19400 training sample - Nike tshirts and tshirts"""
780,null,null,"""Sample 19500 training sample - Nike hoodies and hoodies"""
784,null,null,"""Sample 19600 training sample - Nike football and football"""
788,null,null,"""Sample 19700 training sample - Nike shoes and shoes"""
792,null,null,"""Sample 19800 training sample - Nike tshirts and shoes"""
796,null,null,"""Sample 19900 training sample - Nike sweaters and hoodies"""
800,null,null,"""Sample 20000 training sample - Nike football and tshirts"""
804,null,null,"""Sample 20100 training sample - Nike hoodies and hoodies"""
808,null,null,"""Sample 20200 training sample - Nike jeans and socks"""
812,null,null,"""Sample 20300 training sample - Nike socks and tshirts"""
816,null,null,"""Sample 20400 training sample - Nike football and pants"""
820,null,null,"""Sample 20500 training sample - Nike pants and football"""
824,null,null,"""Sample 20600 training sample - Nike socks and hoodies"""
828,null,null,"""Sample 20700 training sample - Nike sweaters and sweaters"""
832,null,null,"""Sample 20800 training sample - Nike hoodies and socks"""
836,null,null,"""Sample 20900 training sample - Nike socks and jeans"""
840,null,null,"""Sample 21000 training sample - Nike tshirts and jeans"""
844,null,null,"""Sample 21100 training sample - Nike football and jeans"""
848,null,null,"""Sample 21200 training sample - Nike tshirts and tshirts"""
852,null,null,"""Sample 21300 training sample - Nike socks and shoes"""
856,null,null,"""Sample 21400 training sample - Nike socks and hoodies"""
860,null,null,"""Sample 21500 training sample - Nike shoes and sweaters"""
864,null,null,"""Sample 21600 training sample - Nike jeans and shoes"""
868,null,null,"""Sample 21700 training sample - Nike hoodies and sweaters"""
872,null,null,"""Sample 21800 training sample - Nike tshirts and socks"""
876,null,null,"""Sample 21900 training sample - Nike socks and hoodies"""
880,null,null,"""Sample 22000 training sample - Nike pants and sweaters"""
884,null,null,"""Sample 22100 training sample - Nike hoodies and shoes"""
888,null,null,"""Sample 22200 training sample - Nike jeans and tshirts"""
892,null,null,"""Sample 22300 training sample - Nike pants and hoodies"""
896,null,null,"""Sample 22400 training sample - Nike jeans and sweaters"""
900,null,null,"""Sample 22500 training sample - Nike shoes and sweaters"""
904,null,null,"""Sample 22600 training sample - Nike football and hoodies"""
908,null,null,"""Sample 22700 training sample - Nike sweaters and shoes"""
912,null,null,"""Sample 22800 training sample - Nike pants and tshirts"""
916,null,null,"""Sample 22900 training sample - Nike shoes and shoes"""
920,null,null,"""Sample 23000 training sample - Nike jeans and pants"""
924,null,null,"""Sample 23100 training sample - Nike sweaters and sweaters"""
928,null,null,"""Sample 23200 training sample - Nike shoes and pants"""
932,null,null,"""Sample 23300 training sample - Nike shoes and socks"""
936,null,null,"""Sample 23400 training sample - Nike sweaters and tshirts"""
940,null,null,"""Sample 23500 training sample - Nike tshirts and socks"""
944,null,null,"""Sample 23600 training sample - Nike jeans and tshirts"""
948,null,null,"""Sample 23700 training sample - Nike jeans and tshirts"""
952,null,null,"""Sample 23800 training sample - Nike shoes and hoodies"""
956,null,null,"""Sample 23900 training sample - Nike tshirts and tshirts"""
960,null,null,"""Sample 24000 training sample - Nike football and tshirts"""
964,null,null,"""Sample 24100 training sample - Nike football and sweaters"""
968,null,null,"""Sample 24200 training sample - Nike socks and socks"""
972,null,null,"""Sample 24300 training sample - Nike tshirts and jeans"""
976,null,null,"""Sample 24400 training sample - Nike sweaters and pants"""
980,null,null,"""Sample 24500 training sample - Nike football and football"""
984,null,null,"""Sample 24600 training sample - Nike shoes and hoodies"""
988,null,null,"""Sample 24700 training sample - Nike pants and shoes"""
992,null,null,"""Sample 24800 training sample - Nike jeans and tshirts"""
996,null,null,"""Sample 24900 training sample - Nike socks and jeans"""
1000,null,null,"""Sample 25000 training sample - Nike socks and hoodies"""
1004,null,null,"""Sample 25100 training sample - Nike sweaters and hoodies"""
1008,null,null,"""Sample 25200 training sample - Nike socks and pants"""
1012,null,null,"""Sample 25300 training sample - Nike football and tshirts"""
1016,null,null,"""Sample 25400 training sample - Nike socks and tshirts"""
1020,null,null,"""Sample 25500 training sample - Nike tshirts and football"""
1024,null,null,"""Sample 25600 training sample - Nike sweaters and football"""
1028,null,null,"""Sample 25700 training sample - Nike hoodies and socks"""
1032,null,null,"""Sample 25800 training sample - Nike sweaters and tshirts"""
1036,null,null,"""Sample 25900 training sample - Nike socks and shoes"""
1040,null,null,"""Sample 26000 training sample - Nike hoodies and shoes"""
1044,null,null,"""Sample 26100 training sample - Nike hoodies and socks"""
1048,null,null,"""Sample 26200 training sample - Nike football and tshirts"""
1052,null,null,"""Sample 26300 training sample - Nike pants and tshirts"""
1056,null,null,"""Sample 26400 training sample - Nike football and pants"""
1060,null,null,"""Sample 26500 training sample - Nike socks and pants"""
1064,null,null,"""Sample 26600 training sample - Nike socks and socks"""
1068,null,null,"""Sample 26700 training sample - Nike socks and hoodies"""
1072,null,null,"""Sample 26800 training sample - Nike sweaters and hoodies"""
1076,null,null,"""Sample 26900 training sample - Nike football and hoodies"""
1080,null,null,"""Sample 27000 training sample - Nike jeans and pants"""
1084,null,null,"""Sample 27100 training sample - Nike tshirts and football"""
1088,null,null,"""Sample 27200 training sample - Nike tshirts and tshirts"""
1092,null,null,"""Sample 27300 training sample - Nike pants and pants"""
1096,null,null,"""Sample 27400 training sample - Nike shoes and football"""
1100,null,null,"""Sample 27500 training sample - Nike tshirts and football"""
1104,null,null,"""Sample 27600 training sample - Nike football and football"""
1108,null,null,"""Sample 27700 training sample - Nike jeans and tshirts"""
1112,null,null,"""Sample 27800 training sample - Nike pants and sweaters"""
1116,null,null,"""Sample 27900 training sample - Nike hoodies and sweaters"""
1120,null,null,"""Sample 28000 training sample - Nike pants and socks"""
1124,null,null,"""Sample 28100 training sample - Nike tshirts and hoodies"""
1128,null,null,"""Sample 28200 training sample - Nike hoodies and football"""
1132,null,null,"""Sample 28300 training sample - Nike sweaters and shoes"""
1136,null,null,"""Sample 28400 training sample - Nike sweaters and football"""
1140,null,null,"""Sample 28500 training sample - Nike football and pants"""
1144,null,null,"""Sample 28600 training sample - Nike tshirts and hoodies"""
1148,null,null,"""Sample 28700 training sample - Nike shoes and pants"""
1152,null,null,"""Sample 28800 training sample - Nike shoes and hoodies"""
1156,null,null,"""Sample 28900 training sample - Nike socks and sweaters"""
1160,null,null,"""Sample 29000 training sample - Nike tshirts and tshirts"""
1164,null,null,"""Sample 29100 training sample - Nike jeans and tshirts"""
1168,null,null,"""Sample 29200 training sample - Nike hoodies and shoes"""
1172,null,null,"""Sample 29300 training sample - Nike shoes and sweaters"""
1176,null,null,"""Sample 29400 training sample - Nike football and football"""
1180,null,null,"""Sample 29500 training sample - Nike socks and hoodies"""
1184,null,null,"""Sample 29600 training sample - Nike jeans and football"""
1188,null,null,"""Sample 29700 training sample - Nike sweaters and jeans"""
1192,null,null,"""Sample 29800 training sample - Nike tshirts and football"""
1196,null,null,"""Sample 29900 training sample - Nike jeans and sweaters"""
1200,null,null,"""Sample 30000 training sample - Nike sweaters and tshirts"""
1204,null,null,"""Sample 30100 training sample - Nike football and jeans"""
1208,null,null,"""Sample 30200 training sample - Nike football and hoodies"""
1212,null,null,"""Sample 30300 training sample - Nike hoodies and socks"""
1216,null,null,"""Sample 30400 training sample - Nike sweaters and sweaters"""
1220,null,null,"""Sample 30500 training sample - Nike football and socks"""
1224,null,null,"""Sample 30600 training sample - Nike socks and football"""
1228,null,null,"""Sample 30700 training sample - Nike jeans and pants"""
1232,null,null,"""Sample 30800 training sample - Nike tshirts and sweaters"""
1236,null,null,"""Sample 30900 training sample - Nike shoes and pants"""
1240,null,null,"""Sample 31000 training sample - Nike jeans and shoes"""
1244,null,null,"""Sample 31100 training sample - Nike sweaters and jeans"""
1248,null,null,"""Sample 31200 training sample - Nike shoes and tshirts"""
1252,null,null,"""Sample 31300 training sample - Nike football and sweaters"""
1256,null,null,"""Sample 31400 training sample - Nike football and shoes"""
1260,null,null,"""Sample 31500 training sample - Nike sweaters and tshirts"""
1264,null,null,"""Sample 31600 training sample - Nike sweaters and hoodies"""
1268,null,null,"""Sample 31700 training sample - Nike pants and football"""
1272,null,null,"""Sample 31800 training sample - Nike tshirts and hoodies"""
1276,null,null,"""Sample 31900 training sample - Nike shoes and shoes"""
1280,null,null,"""Sample 32000 training sample - Nike pants and football"""
1284,null,null,"""Sample 32100 training sample - Nike socks and hoodies"""
1288,null,null,"""Sample 32200 training sample - Nike socks and football"""
1292,null,null,"""Sample 32300 training sample - Nike sweaters and shoes"""
1296,null,null,"""Sample 32400 training sample - Nike pants and tshirts"""
1300,null,null,"""Sample 32500 training sample - Nike sweaters and shoes"""
1304,null,null,"""Sample 32600 training sample - Nike hoodies and tshirts"""
1308,null,null,"""Sample 32700 training sample - Nike tshirts and shoes"""
1312,null,null,"""Sample 32800 training sample - Nike jeans and sweaters"""
1316,null,null,"""Sample 32900 training sample - Nike shoes and jeans"""
1320,null,null,"""Sample 33000 training sample - Nike sweaters and shoes"""
1324,null,null,"""Sample 33100 training sample - Nike tshirts and jeans"""
1328,null,null,"""Sample 33200 training sample - Nike shoes and sweaters"""
1332,null,null,"""Sample 33300 training sample - Nike jeans and jeans"""
1336,null,null,"""Sample 33400 training sample - Nike jeans and hoodies"""
1340,null,null,"""Sample 33500 training sample - Nike pants and sweaters"""
1344,null,null,"""Sample 33600 training sample - Nike hoodies and hoodies"""
1348,null,null,"""Sample 33700 training sample - Nike jeans and football"""
1352,null,null,"""Sample 33800 training sample - Nike hoodies and tshirts"""
1356,null,null,"""Sample 33900 training sample - Nike jeans and football"""
1360,null,null,"""Sample 34000 training sample - Nike pants and socks"""
1364,null,null,"""Sample 34100 training sample - Nike pants and pants"""
1368,null,null,"""Sample 34200 training sample - Nike football and jeans"""
1372,null,null,"""Sample 34300 training sample - Nike football and sweaters"""
1376,null,null,"""Sample 34400 training sample - Nike socks and football"""
1380,null,null,"""Sample 34500 training sample - Nike hoodies and shoes"""
1384,null,null,"""Sample 34600 training sample - Nike shoes and hoodies"""
1388,null,null,"""Sample 34700 training sample - Nike shoes and tshirts"""
1392,null,null,"""Sample 34800 training sample - Nike football and tshirts"""
1396,null,null,"""Sample 34900 training sample - Nike tshirts and tshirts"""
1400,null,null,"""Sample 35000 training sample - Nike jeans and tshirts"""
1404,null,null,"""Sample 35100 training sample - Nike socks and jeans"""
1408,null,null,"""Sample 35200 training sample - Nike hoodies and tshirts"""
1412,null,null,"""Sample 35300 training sample - Nike sweaters and football"""
1416,null,null,"""Sample 35400 training sample - Nike tshirts and shoes"""
1420,null,null,"""Sample 35500 training sample - Nike pants and socks"""
1424,null,null,"""Sample 35600 training sample - Nike tshirts and hoodies"""
1428,null,null,"""Sample 35700 training sample - Nike shoes and sweaters"""
1432,null,null,"""Sample 35800 training sample - Nike tshirts and hoodies"""
1436,null,null,"""Sample 35900 training sample - Nike tshirts and sweaters"""
1440,null,null,"""Sample 36000 training sample - Nike tshirts and pants"""
1444,null,null,"""Sample 36100 training sample - Nike football and tshirts"""
1448,null,null,"""Sample 36200 training sample - Nike hoodies and shoes"""
1452,null,null,"""Sample 36300 training sample - Nike tshirts and hoodies"""
1456,null,null,"""Sample 36400 training sample - Nike sweaters and shoes"""
1460,null,null,"""Sample 36500 training sample - Nike socks and hoodies"""
1464,null,null,"""Sample 36600 training sample - Nike socks and jeans"""
1468,null,null,"""Sample 36700 training sample - Nike jeans and football"""
1472,null,null,"""Sample 36800 training sample - Nike football and pants"""
1476,null,null,"""Sample 36900 training sample - Nike pants and pants"""
1480,null,null,"""Sample 37000 training sample - Nike shoes and hoodies"""
1484,null,null,"""Sample 37100 training sample - Nike football and hoodies"""
1488,null,null,"""Sample 37200 training sample - Nike pants and football"""
1492,null,null,"""Sample 37300 training sample - Nike socks and pants"""
1496,null,null,"""Sample 37400 training sample - Nike tshirts and socks"""
1500,null,null,"""Sample 37500 training sample - Nike socks and jeans"""
1504,null,null,"""Sample 37600 training sample - Nike shoes and jeans"""
1508,null,null,"""Sample 37700 training sample - Nike socks and pants"""
1512,null,null,"""Sample 37800 training sample - Nike hoodies and football"""
1516,null,null,"""Sample 37900 training sample - Nike hoodies and sweaters"""
1520,null,null,"""Sample 38000 training sample - Nike socks and pants"""
1524,null,null,"""Sample 38100 training sample - Nike sweaters and jeans"""
1528,null,null,"""Sample 38200 training sample - Nike pants and shoes"""
1532,null,null,"""Sample 38300 training sample - Nike jeans and football"""
1536,null,null,"""Sample 38400 training sample - Nike sweaters and socks"""
1540,null,null,"""Sample 38500 training sample - Nike jeans and hoodies"""
1544,null,null,"""Sample 38600 training sample - Nike sweaters and sweaters"""
1548,null,null,"""Sample 38700 training sample - Nike shoes and hoodies"""
1552,null,null,"""Sample 38800 training sample - Nike football and socks"""
1556,null,null,"""Sample 38900 training sample - Nike tshirts and socks"""
1560,null,null,"""Sample 39000 training sample - Nike pants and football"""
1564,null,null,"""Sample 39100 training sample - Nike pants and shoes"""
1568,null,null,"""Sample 39200 training sample - Nike socks and jeans"""
1572,null,null,"""Sample 39300 training sample - Nike football and football"""
1576,null,null,"""Sample 39400 training sample - Nike pants and football"""
1580,null,null,"""Sample 39500 training sample - Nike hoodies and jeans"""
1584,null,null,"""Sample 39600 training sample - Nike jeans and jeans"""
1588,null,null,"""Sample 39700 training sample - Nike football and hoodies"""
1592,null,null,"""Sample 39800 training sample - Nike shoes and football"""
1596,null,null,"""Sample 39900 training sample - Nike shoes and hoodies"""
1600,null,null,"""Sample 40000 training sample - Nike socks and jeans"""
1604,null,null,"""Sample 40100 training sample - Nike jeans and tshirts"""
1608,null,null,"""Sample 40200 training sample - Nike pants and socks"""
1612,null,null,"""Sample 40300 training sample - Nike sweaters and football"""
1616,null,null,"""Sample 40400 training sample - Nike tshirts and hoodies"""
1620,null,null,"""Sample 40500 training sample - Nike tshirts and jeans"""
1624,null,null,"""Sample 40600 training sample - Nike hoodies and tshirts"""
1628,null,null,"""Sample 40700 training sample - Nike socks and shoes"""
1632,null,null,"""Sample 40800 training sample - Nike pants and jeans"""
1636,null,null,"""Sample 40900 training sample - Nike jeans and tshirts"""
1640,null,null,"""Sample 41000 training sample - Nike socks and hoodies"""
1644,null,null,"""Sample 41100 training sample - Nike socks and jeans"""
1648,null,null,"""Sample 41200 training sample - Nike socks and hoodies"""
1652,null,null,"""Sample 41300 training sample - Nike football and socks"""
1656,null,null,"""Sample 41400 training sample - Nike football and jeans"""
1660,null,null,"""Sample 41500 training sample - Nike socks and socks"""
1664,null,null,"""Sample 41600 training sample - Nike pants and jeans"""
1668,null,null,"""Sample 41700 training sample - Nike sweaters and hoodies"""
1672,null,null,"""Sample 41800 training sample - Nike jeans and football"""
1676,null,null,"""Sample 41900 training sample - Nike hoodies and pants"""
1680,null,null,"""Sample 42000 training sample - Nike hoodies and socks"""
1684,null,null,"""Sample 42100 training sample - Nike socks and pants"""
1688,null,null,"""Sample 42200 training sample - Nike jeans and sweaters"""
1692,null,null,"""Sample 42300 training sample - Nike shoes and pants"""
1696,null,null,"""Sample 42400 training sample - Nike sweaters and hoodies"""
1700,null,null,"""Sample 42500 training sample - Nike tshirts and jeans"""
1704,null,null,"""Sample 42600 training sample - Nike jeans and sweaters"""
1708,null,null,"""Sample 42700 training sample - Nike socks and sweaters"""
1712,null,null,"""Sample 42800 training sample - Nike hoodies and tshirts"""
1716,null,null,"""Sample 42900 training sample - Nike tshirts and hoodies"""
1720,null,null,"""Sample 43000 training sample - Nike shoes and pants"""
1724,null,null,"""Sample 43100 training sample - Nike pants and tshirts"""
1728,null,null,"""Sample 43200 training sample - Nike football and socks"""
1732,null,null,"""Sample 43300 training sample - Nike hoodies and socks"""
1736,null,null,"""Sample 43400 training sample - Nike tshirts and tshirts"""
1740,null,null,"""Sample 43500 training sample - Nike hoodies and pants"""
1744,null,null,"""Sample 43600 training sample - Nike hoodies and socks"""
1748,null,null,"""Sample 43700 training sample - Nike sweaters and tshirts"""
1752,null,null,"""Sample 43800 training sample - Nike football and sweaters"""
1756,null,null,"""Sample 43900 training sample - Nike jeans and football"""
1760,null,null,"""Sample 44000 training sample - Nike shoes and sweaters"""
1764,null,null,"""Sample 44100 training sample - Nike hoodies and pants"""
1768,null,null,"""Sample 44200 training sample - Nike shoes and hoodies"""
1772,null,null,"""Sample 44300 training sample - Nike tshirts and pants"""
1776,null,null,"""Sample 44400 training sample - Nike pants and socks"""
1780,null,null,"""Sample 44500 training sample - Nike shoes and jeans"""
1784,null,null,"""Sample 44600 training sample - Nike hoodies and tshirts"""
1788,null,null,"""Sample 44700 training sample - Nike pants and pants"""
1792,null,null,"""Sample 44800 training sample - Nike shoes and hoodies"""
1796,null,null,"""Sample 44900 training sample - Nike socks and football"""
1800,null,null,"""Sample 45000 training sample - Nike shoes and shoes"""
1804,null,null,"""Sample 45100 training sample - Nike football and jeans"""
1808,null,null,"""Sample 45200 training sample - Nike tshirts and shoes"""
1812,null,null,"""Sample 45300 training sample - Nike socks and football"""
1816,null,null,"""Sample 45400 training sample - Nike pants and jeans"""
1820,null,null,"""Sample 45500 training sample - Nike socks and socks"""
1824,null,null,"""Sample 45600 training sample - Nike shoes and pants"""
1828,null,null,"""Sample 45700 training sample - Nike tshirts and hoodies"""
1832,null,null,"""Sample 45800 training sample - Nike jeans and football"""
1836,null,null,"""Sample 45900 training sample - Nike pants and jeans"""
1840,null,null,"""Sample 46000 training sample - Nike pants and jeans"""
1844,null,null,"""Sample 46100 training sample - Nike sweaters and pants"""
1848,null,null,"""Sample 46200 training sample - Nike jeans and socks"""
1852,null,null,"""Sample 46300 training sample - Nike hoodies and pants"""
1856,null,null,"""Sample 46400 training sample - Nike sweaters and pants"""
1860,null,null,"""Sample 46500 training sample - Nike tshirts and tshirts"""
1864,null,null,"""Sample 46600 training sample - Nike tshirts and socks"""
1868,null,null,"""Sample 46700 training sample - Nike shoes and football"""
1872,null,null,"""Sample 46800 training sample - Nike hoodies and tshirts"""
1876,null,null,"""Sample 46900 training sample - Nike hoodies and football"""
1880,null,null,"""Sample 47000 training sample - Nike pants and socks"""
1884,null,null,"""Sample 47100 training sample - Nike sweaters and football"""
1888,null,null,"""Sample 47200 training sample - Nike shoes and sweaters"""
1892,null,null,"""Sample 47300 training sample - Nike shoes and shoes"""
1896,null,null,"""Sample 47400 training sample - Nike tshirts and hoodies"""
1900,null,null,"""Sample 47500 training sample - Nike sweaters and sweaters"""
1904,null,null,"""Sample 47600 training sample - Nike hoodies and sweaters"""
1908,null,null,"""Sample 47700 training sample - Nike shoes and shoes"""
1912,null,null,"""Sample 47800 training sample - Nike tshirts and hoodies"""
1916,null,null,"""Sample 47900 training sample - Nike shoes and shoes"""
1920,null,null,"""Sample 48000 training sample - Nike pants and football"""
1924,null,null,"""Sample 48100 training sample - Nike football and pants"""
1928,null,null,"""Sample 48200 training sample - Nike shoes and tshirts"""
1932,null,null,"""Sample 48300 training sample - Nike hoodies and hoodies"""
1936,null,null,"""Sample 48400 training sample - Nike football and sweaters"""
1940,null,null,"""Sample 48500 training sample - Nike pants and pants"""
1944,null,null,"""Sample 48600 training sample - Nike football and sweaters"""
1948,null,null,"""Sample 48700 training sample - Nike shoes and socks"""
1952,null,null,"""Sample 48800 training sample - Nike hoodies and jeans"""
1956,null,null,"""Sample 48900 training sample - Nike sweaters and shoes"""
1960,null,null,"""Sample 49000 training sample - Nike hoodies and pants"""
1964,null,null,"""Sample 49100 training sample - Nike pants and hoodies"""
1968,null,null,"""Sample 49200 training sample - Nike socks and sweaters"""
1972,null,null,"""Sample 49300 training sample - Nike jeans and jeans"""
1976,null,null,"""Sample 49400 training sample - Nike shoes and tshirts"""
1980,null,null,"""Sample 49500 training sample - Nike sweaters and socks"""
1984,null,null,"""Sample 49600 training sample - Nike socks and jeans"""
1988,null,null,"""Sample 49700 training sample - Nike socks and sweaters"""
1992,null,null,"""Sample 49800 training sample - Nike jeans and jeans"""
1996,null,null,"""Sample 49900 training sample - Nike jeans and sweaters"""
2000,null,null,"""Sample 50000 training sample - Nike jeans and pants"""
2004,null,null,"""Sample 50100 training sample - Nike socks and sweaters"""
2008,null,null,"""Sample 50200 training sample - Nike socks and jeans"""
2012,null,null,"""Sample 50300 training sample - Nike hoodies and hoodies"""
2016,null,null,"""Sample 50400 training sample - Nike shoes and football"""
2020,null,null,"""Sample 50500 training sample - Nike socks and pants"""
2024,null,null,"""Sample 50600 training sample - Nike football and tshirts"""
2028,null,null,"""Sample 50700 training sample - Nike hoodies and pants"""
2032,null,null,"""Sample 50800 training sample - Nike socks and football"""
2036,null,null,"""Sample 50900 training sample - Nike sweaters and hoodies"""
2040,null,null,"""Sample 51000 training sample - Nike jeans and hoodies"""
2044,null,null,"""Sample 51100 training sample - Nike tshirts and socks"""
2048,null,null,"""Sample 51200 training sample - Nike hoodies and sweaters"""
2052,null,null,"""Sample 51300 training sample - Nike socks and football"""
2056,null,null,"""Sample 51400 training sample - Nike hoodies and tshirts"""
2060,null,null,"""Sample 51500 training sample - Nike jeans and socks"""
2064,null,null,"""Sample 51600 training sample - Nike socks and shoes"""
2068,null,null,"""Sample 51700 training sample - Nike socks and socks"""
2072,null,null,"""Sample 51800 training sample - Nike sweaters and socks"""
2076,null,null,"""Sample 51900 training sample - Nike pants and sweaters"""
2080,null,null,"""Sample 52000 training sample - Nike hoodies and shoes"""
2084,null,null,"""Sample 52100 training sample - Nike hoodies and jeans"""
2088,null,null,"""Sample 52200 training sample - Nike pants and shoes"""
2092,null,null,"""Sample 52300 training sample - Nike football and socks"""
2096,null,null,"""Sample 52400 training sample - Nike hoodies and pants"""
2100,null,null,"""Sample 52500 training sample - Nike socks and pants"""
2104,null,null,"""Sample 52600 training sample - Nike socks and pants"""
2108,null,null,"""Sample 52700 training sample - Nike hoodies and tshirts"""
2112,null,null,"""Sample 52800 training sample - Nike socks and pants"""
2116,null,null,"""Sample 52900 training sample - Nike tshirts and sweaters"""
2120,null,null,"""Sample 53000 training sample - Nike sweaters and pants"""
2124,null,null,"""Sample 53100 training sample - Nike hoodies and pants"""
2128,null,null,"""Sample 53200 training sample - Nike jeans and tshirts"""
2132,null,null,"""Sample 53300 training sample - Nike pants and jeans"""
2136,null,null,"""Sample 53400 training sample - Nike jeans and jeans"""
2140,null,null,"""Sample 53500 training sample - Nike socks and sweaters"""
2144,null,null,"""Sample 53600 training sample - Nike football and sweaters"""
2148,null,null,"""Sample 53700 training sample - Nike hoodies and sweaters"""
2152,null,null,"""Sample 53800 training sample - Nike tshirts and sweaters"""
2156,null,null,"""Sample 53900 training sample - Nike hoodies and sweaters"""
2160,null,null,"""Sample 54000 training sample - Nike tshirts and tshirts"""
2164,null,null,"""Sample 54100 training sample - Nike hoodies and shoes"""
2168,null,null,"""Sample 54200 training sample - Nike hoodies and jeans"""
2172,null,null,"""Sample 54300 training sample - Nike tshirts and pants"""
2176,null,null,"""Sample 54400 training sample - Nike football and tshirts"""
2180,null,null,"""Sample 54500 training sample - Nike pants and sweaters"""
2184,null,null,"""Sample 54600 training sample - Nike shoes and shoes"""
2188,null,null,"""Sample 54700 training sample - Nike pants and socks"""
2192,null,null,"""Sample 54800 training sample - Nike football and football"""
2196,null,null,"""Sample 54900 training sample - Nike shoes and hoodies"""
2200,null,null,"""Sample 55000 training sample - Nike jeans and hoodies"""
2204,null,null,"""Sample 55100 training sample - Nike sweaters and pants"""
2208,null,null,"""Sample 55200 training sample - Nike football and jeans"""
2212,null,null,"""Sample 55300 training sample - Nike tshirts and tshirts"""
2216,null,null,"""Sample 55400 training sample - Nike shoes and football"""
2220,null,null,"""Sample 55500 training sample - Nike hoodies and shoes"""
2224,null,null,"""Sample 55600 training sample - Nike tshirts and socks"""
2228,null,null,"""Sample 55700 training sample - Nike sweaters and shoes"""
2232,null,null,"""Sample 55800 training sample - Nike pants and pants"""
2236,null,null,"""Sample 55900 training sample - Nike sweaters and football"""
2240,null,null,"""Sample 56000 training sample - Nike sweaters and socks"""
2244,null,null,"""Sample 56100 training sample - Nike pants and hoodies"""
2248,null,null,"""Sample 56200 training sample - Nike shoes and football"""
2252,null,null,"""Sample 56300 training sample - Nike jeans and tshirts"""
2256,null,null,"""Sample 56400 training sample - Nike pants and hoodies"""
2260,null,null,"""Sample 56500 training sample - Nike shoes and shoes"""
2264,null,null,"""Sample 56600 training sample - Nike sweaters and socks"""
2268,null,null,"""Sample 56700 training sample - Nike sweaters and hoodies"""
2272,null,null,"""Sample 56800 training sample - Nike pants and tshirts"""
2276,null,null,"""Sample 56900 training sample - Nike tshirts and socks"""
2280,null,null,"""Sample 57000 training sample - Nike sweaters and shoes"""
2284,null,null,"""Sample 57100 training sample - Nike football and jeans"""
2288,null,null,"""Sample 57200 training sample - Nike jeans and shoes"""
2292,null,null,"""Sample 57300 training sample - Nike tshirts and hoodies"""
2296,null,null,"""Sample 57400 training sample - Nike jeans and shoes"""
2300,null,null,"""Sample 57500 training sample - Nike hoodies and football"""
2304,null,null,"""Sample 57600 training sample - Nike sweaters and hoodies"""
2308,null,null,"""Sample 57700 training sample - Nike sweaters and socks"""
2312,null,null,"""Sample 57800 training sample - Nike pants and pants"""
2316,null,null,"""Sample 57900 training sample - Nike shoes and sweaters"""
2320,null,null,"""Sample 58000 training sample - Nike socks and sweaters"""
2324,null,null,"""Sample 58100 training sample - Nike socks and football"""
2328,null,null,"""Sample 58200 training sample - Nike football and hoodies"""
2332,null,null,"""Sample 58300 training sample - Nike shoes and sweaters"""
2336,null,null,"""Sample 58400 training sample - Nike hoodies and shoes"""
2340,null,null,"""Sample 58500 training sample - Nike tshirts and football"""
2344,null,null,"""Sample 58600 training sample - Nike jeans and sweaters"""
2348,null,null,"""Sample 58700 training sample - Nike tshirts and socks"""
2352,null,null,"""Sample 58800 training sample - Nike sweaters and socks"""
2356,null,null,"""Sample 58900 training sample - Nike football and sweaters"""
2360,null,null,"""Sample 59000 training sample - Nike jeans and shoes"""
2364,null,null,"""Sample 59100 training sample - Nike sweaters and tshirts"""
2368,null,null,"""Sample 59200 training sample - Nike shoes and pants"""
2372,null,null,"""Sample 59300 training sample - Nike shoes and hoodies"""
2376,null,null,"""Sample 59400 training sample - Nike socks and shoes"""
2380,null,null,"""Sample 59500 training sample - Nike hoodies and socks"""
2384,null,null,"""Sample 59600 training sample - Nike pants and jeans"""
2388,null,null,"""Sample 59700 training sample - Nike tshirts and jeans"""
2392,null,null,"""Sample 59800 training sample - Nike tshirts and football"""
2396,null,null,"""Sample 59900 training sample - Nike shoes and shoes"""
2400,null,null,"""Sample 60000 training sample - Nike pants and football"""
2404,null,null,"""Sample 60100 training sample - Nike shoes and tshirts"""
2408,null,null,"""Sample 60200 training sample - Nike tshirts and shoes"""
2412,null,null,"""Sample 60300 training sample - Nike jeans and pants"""
2416,null,null,"""Sample 60400 training sample - Nike sweaters and pants"""
2420,null,null,"""Sample 60500 training sample - Nike sweaters and hoodies"""
2424,null,null,"""Sample 60600 training sample - Nike socks and football"""
2428,null,null,"""Sample 60700 training sample - Nike tshirts and shoes"""
2432,null,null,"""Sample 60800 training sample - Nike jeans and football"""
2436,null,null,"""Sample 60900 training sample - Nike football and sweaters"""
2440,null,null,"""Sample 61000 training sample - Nike shoes and tshirts"""
2444,null,null,"""Sample 61100 training sample - Nike jeans and shoes"""
2448,null,null,"""Sample 61200 training sample - Nike jeans and socks"""
2452,null,null,"""Sample 61300 training sample - Nike tshirts and pants"""
2456,null,null,"""Sample 61400 training sample - Nike jeans and shoes"""
2460,null,null,"""Sample 61500 training sample - Nike football and hoodies"""
2464,null,null,"""Sample 61600 training sample - Nike hoodies and tshirts"""
2468,null,null,"""Sample 61700 training sample - Nike jeans and shoes"""
2472,null,null,"""Sample 61800 training sample - Nike tshirts and tshirts"""
2476,null,null,"""Sample 61900 training sample - Nike shoes and pants"""
2480,null,null,"""Sample 62000 training sample - Nike sweaters and sweaters"""
2484,null,null,"""Sample 62100 training sample - Nike jeans and football"""
2488,null,null,"""Sample 62200 training sample - Nike pants and pants"""
2492,null,null,"""Sample 62300 training sample - Nike tshirts and tshirts"""
2496,null,null,"""Sample 62400 training sample - Nike pants and tshirts"""
2500,null,null,"""Sample 62500 training sample - Nike socks and hoodies"""
2504,null,null,"""Sample 62600 training sample - Nike pants and shoes"""
2508,null,null,"""Sample 62700 training sample - Nike shoes and jeans"""
2512,null,null,"""Sample 62800 training sample - Nike football and football"""
2516,null,null,"""Sample 62900 training sample - Nike hoodies and shoes"""
2520,null,null,"""Sample 63000 training sample - Nike hoodies and tshirts"""
2524,null,null,"""Sample 63100 training sample - Nike football and football"""
2528,null,null,"""Sample 63200 training sample - Nike jeans and tshirts"""
2532,null,null,"""Sample 63300 training sample - Nike football and hoodies"""
2536,null,null,"""Sample 63400 training sample - Nike football and tshirts"""
2540,null,null,"""Sample 63500 training sample - Nike football and jeans"""
2544,null,null,"""Sample 63600 training sample - Nike football and jeans"""
2548,null,null,"""Sample 63700 training sample - Nike jeans and pants"""
2552,null,null,"""Sample 63800 training sample - Nike jeans and socks"""
2556,null,null,"""Sample 63900 training sample - Nike hoodies and tshirts"""
2560,null,null,"""Sample 64000 training sample - Nike shoes and jeans"""
2564,null,null,"""Sample 64100 training sample - Nike sweaters and socks"""
2568,null,null,"""Sample 64200 training sample - Nike tshirts and hoodies"""
2572,null,null,"""Sample 64300 training sample - Nike shoes and football"""
2576,null,null,"""Sample 64400 training sample - Nike football and hoodies"""
2580,null,null,"""Sample 64500 training sample - Nike tshirts and shoes"""
2584,null,null,"""Sample 64600 training sample - Nike football and hoodies"""
2588,null,null,"""Sample 64700 training sample - Nike hoodies and shoes"""
2592,null,null,"""Sample 64800 training sample - Nike tshirts and tshirts"""
2596,null,null,"""Sample 64900 training sample - Nike socks and tshirts"""
2600,null,null,"""Sample 65000 training sample - Nike shoes and sweaters"""
2604,null,null,"""Sample 65100 training sample - Nike football and jeans"""
2608,null,null,"""Sample 65200 training sample - Nike tshirts and hoodies"""
2612,null,null,"""Sample 65300 training sample - Nike tshirts and jeans"""
2616,null,null,"""Sample 65400 training sample - Nike tshirts and sweaters"""
2620,null,null,"""Sample 65500 training sample - Nike shoes and sweaters"""
2624,null,null,"""Sample 65600 training sample - Nike tshirts and football"""
2628,null,null,"""Sample 65700 training sample - Nike pants and tshirts"""
2632,null,null,"""Sample 65800 training sample - Nike pants and jeans"""
2636,null,null,"""Sample 65900 training sample - Nike tshirts and football"""
2640,null,null,"""Sample 66000 training sample - Nike pants and pants"""
2644,null,null,"""Sample 66100 training sample - Nike tshirts and tshirts"""
2648,null,null,"""Sample 66200 training sample - Nike tshirts and tshirts"""
2652,null,null,"""Sample 66300 training sample - Nike socks and shoes"""
2656,null,null,"""Sample 66400 training sample - Nike pants and jeans"""
2660,null,null,"""Sample 66500 training sample - Nike football and tshirts"""
2664,null,null,"""Sample 66600 training sample - Nike football and jeans"""
2668,null,null,"""Sample 66700 training sample - Nike football and jeans"""
2672,null,null,"""Sample 66800 training sample - Nike hoodies and tshirts"""
2676,null,null,"""Sample 66900 training sample - Nike hoodies and hoodies"""
2680,null,null,"""Sample 67000 training sample - Nike hoodies and tshirts"""
2684,null,null,"""Sample 67100 training sample - Nike tshirts and hoodies"""
2688,null,null,"""Sample 67200 training sample - Nike football and jeans"""
2692,null,null,"""Sample 67300 training sample - Nike shoes and jeans"""
2696,null,null,"""Sample 67400 training sample - Nike tshirts and jeans"""
2700,null,null,"""Sample 67500 training sample - Nike socks and jeans"""
2704,null,null,"""Sample 67600 training sample - Nike sweaters and socks"""
2708,null,null,"""Sample 67700 training sample - Nike socks and jeans"""
2712,null,null,"""Sample 67800 training sample - Nike socks and jeans"""
2716,null,null,"""Sample 67900 training sample - Nike jeans and tshirts"""
2720,null,null,"""Sample 68000 training sample - Nike football and shoes"""
2724,null,null,"""Sample 68100 training sample - Nike football and tshirts"""
2728,null,null,"""Sample 68200 training sample - Nike shoes and socks"""
2732,null,null,"""Sample 68300 training sample - Nike socks and football"""
2736,null,null,"""Sample 68400 training sample - Nike jeans and sweaters"""
2740,null,null,"""Sample 68500 training sample - Nike sweaters and football"""
2744,null,null,"""Sample 68600 training sample - Nike jeans and jeans"""
2748,null,null,"""Sample 68700 training sample - Nike sweaters and shoes"""
2752,null,null,"""Sample 68800 training sample - Nike pants and socks"""
2756,null,null,"""Sample 68900 training sample - Nike football and tshirts"""
2760,null,null,"""Sample 69000 training sample - Nike socks and football"""
2764,null,null,"""Sample 69100 training sample - Nike football and tshirts"""
2768,null,null,"""Sample 69200 training sample - Nike jeans and shoes"""
2772,null,null,"""Sample 69300 training sample - Nike sweaters and sweaters"""
2776,null,null,"""Sample 69400 training sample - Nike tshirts and socks"""
2780,null,null,"""Sample 69500 training sample - Nike tshirts and football"""
2784,null,null,"""Sample 69600 training sample - Nike pants and socks"""
2788,null,null,"""Sample 69700 training sample - Nike hoodies and tshirts"""
2792,null,null,"""Sample 69800 training sample - Nike hoodies and football"""
2796,null,null,"""Sample 69900 training sample - Nike pants and sweaters"""
2800,null,null,"""Sample 70000 training sample - Nike pants and tshirts"""
2804,null,null,"""Sample 70100 training sample - Nike football and tshirts"""
2808,null,null,"""Sample 70200 training sample - Nike tshirts and socks"""
2812,null,null,"""Sample 70300 training sample - Nike jeans and shoes"""
2816,null,null,"""Sample 70400 training sample - Nike socks and sweaters"""
2820,null,null,"""Sample 70500 training sample - Nike football and pants"""
2824,null,null,"""Sample 70600 training sample - Nike football and shoes"""
2828,null,null,"""Sample 70700 training sample - Nike hoodies and shoes"""
2832,null,null,"""Sample 70800 training sample - Nike sweaters and sweaters"""
2836,null,null,"""Sample 70900 training sample - Nike sweaters and sweaters"""
2840,null,null,"""Sample 71000 training sample - Nike sweaters and shoes"""
2844,null,null,"""Sample 71100 training sample - Nike pants and socks"""
2848,null,null,"""Sample 71200 training sample - Nike tshirts and socks"""
2852,null,null,"""Sample 71300 training sample - Nike tshirts and socks"""
2856,null,null,"""Sample 71400 training sample - Nike football and jeans"""
2860,null,null,"""Sample 71500 training sample - Nike tshirts and jeans"""
2864,null,null,"""Sample 71600 training sample - Nike pants and socks"""
2868,null,null,"""Sample 71700 training sample - Nike pants and tshirts"""
2872,null,null,"""Sample 71800 training sample - Nike socks and sweaters"""
2876,null,null,"""Sample 71900 training sample - Nike hoodies and football"""
2880,null,null,"""Sample 72000 training sample - Nike shoes and sweaters"""
2884,null,null,"""Sample 72100 training sample - Nike socks and shoes"""
2888,null,null,"""Sample 72200 training sample - Nike shoes and socks"""
2892,null,null,"""Sample 72300 training sample - Nike jeans and pants"""
2896,null,null,"""Sample 72400 training sample - Nike sweaters and sweaters"""
2900,null,null,"""Sample 72500 training sample - Nike tshirts and pants"""
2904,null,null,"""Sample 72600 training sample - Nike shoes and socks"""
2908,null,null,"""Sample 72700 training sample - Nike sweaters and hoodies"""
2912,null,null,"""Sample 72800 training sample - Nike jeans and sweaters"""
2916,null,null,"""Sample 72900 training sample - Nike hoodies and shoes"""
2920,null,null,"""Sample 73000 training sample - Nike hoodies and tshirts"""
2924,null,null,"""Sample 73100 training sample - Nike tshirts and socks"""
2928,null,null,"""Sample 73200 training sample - Nike socks and hoodies"""
2932,null,null,"""Sample 73300 training sample - Nike shoes and socks"""
2936,null,null,"""Sample 73400 training sample - Nike jeans and tshirts"""
2940,null,null,"""Sample 73500 training sample - Nike pants and jeans"""
2944,null,null,"""Sample 73600 training sample - Nike tshirts and shoes"""
2948,null,null,"""Sample 73700 training sample - Nike socks and pants"""
2952,null,null,"""Sample 73800 training sample - Nike socks and shoes"""
2956,null,null,"""Sample 73900 training sample - Nike jeans and pants"""
2960,null,null,"""Sample 74000 training sample - Nike sweaters and pants"""
2964,null,null,"""Sample 74100 training sample - Nike jeans and tshirts"""
2968,null,null,"""Sample 74200 training sample - Nike shoes and socks"""
2972,null,null,"""Sample 74300 training sample - Nike shoes and shoes"""
2976,null,null,"""Sample 74400 training sample - Nike football and football"""
2980,null,null,"""Sample 74500 training sample - Nike football and socks"""
2984,null,null,"""Sample 74600 training sample - Nike pants and pants"""
2988,null,null,"""Sample 74700 training sample - Nike sweaters and football"""
2992,null,null,"""Sample 74800 training sample - Nike sweaters and football"""
2996,null,null,"""Sample 74900 training sample - Nike shoes and tshirts"""
3000,null,null,"""Sample 75000 training sample - Nike sweaters and football"""
3004,null,null,"""Sample 75100 training sample - Nike hoodies and shoes"""
3008,null,null,"""Sample 75200 training sample - Nike pants and football"""
3012,null,null,"""Sample 75300 training sample - Nike pants and jeans"""
3016,null,null,"""Sample 75400 training sample - Nike hoodies and shoes"""
3020,null,null,"""Sample 75500 training sample - Nike football and football"""
3024,null,null,"""Sample 75600 training sample - Nike socks and socks"""
3028,null,null,"""Sample 75700 training sample - Nike shoes and tshirts"""
3032,null,null,"""Sample 75800 training sample - Nike football and hoodies"""
3036,null,null,"""Sample 75900 training sample - Nike football and hoodies"""
3040,null,null,"""Sample 76000 training sample - Nike socks and socks"""
3044,null,null,"""Sample 76100 training sample - Nike tshirts and pants"""
3048,null,null,"""Sample 76200 training sample - Nike socks and hoodies"""
3052,null,null,"""Sample 76300 training sample - Nike sweaters and tshirts"""
3056,null,null,"""Sample 76400 training sample - Nike pants and pants"""
3060,null,null,"""Sample 76500 training sample - Nike socks and pants"""
3064,null,null,"""Sample 76600 training sample - Nike football and jeans"""
3068,null,null,"""Sample 76700 training sample - Nike football and shoes"""
3072,null,null,"""Sample 76800 training sample - Nike tshirts and socks"""
3076,null,null,"""Sample 76900 training sample - Nike tshirts and football"""
3080,null,null,"""Sample 77000 training sample - Nike hoodies and jeans"""
3084,null,null,"""Sample 77100 training sample - Nike pants and jeans"""
3088,null,null,"""Sample 77200 training sample - Nike hoodies and shoes"""
3092,null,null,"""Sample 77300 training sample - Nike shoes and tshirts"""
3096,null,null,"""Sample 77400 training sample - Nike jeans and hoodies"""
3100,null,null,"""Sample 77500 training sample - Nike football and shoes"""
3104,null,null,"""Sample 77600 training sample - Nike tshirts and sweaters"""
3108,null,null,"""Sample 77700 training sample - Nike tshirts and jeans"""
3112,null,null,"""Sample 77800 training sample - Nike socks and football"""
3116,null,null,"""Sample 77900 training sample - Nike pants and pants"""
3120,null,null,"""Sample 78000 training sample - Nike sweaters and sweaters"""
3124,null,null,"""Sample 78100 training sample - Nike hoodies and football"""
3128,null,null,"""Sample 78200 training sample - Nike football and pants"""
3132,null,null,"""Sample 78300 training sample - Nike pants and sweaters"""
3136,null,null,"""Sample 78400 training sample - Nike tshirts and hoodies"""
3140,null,null,"""Sample 78500 training sample - Nike socks and sweaters"""
3144,null,null,"""Sample 78600 training sample - Nike shoes and football"""
3148,null,null,"""Sample 78700 training sample - Nike jeans and socks"""
3152,null,null,"""Sample 78800 training sample - Nike socks and hoodies"""
3156,null,null,"""Sample 78900 training sample - Nike hoodies and sweaters"""
3160,null,null,"""Sample 79000 training sample - Nike tshirts and hoodies"""
3164,null,null,"""Sample 79100 training sample - Nike shoes and socks"""
3168,null,null,"""Sample 79200 training sample - Nike pants and jeans"""
3172,null,null,"""Sample 79300 training sample - Nike shoes and hoodies"""
3176,null,null,"""Sample 79400 training sample - Nike socks and football"""
3180,null,null,"""Sample 79500 training sample - Nike sweaters and jeans"""
3184,null,null,"""Sample 79600 training sample - Nike pants and socks"""
3188,null,null,"""Sample 79700 training sample - Nike jeans and hoodies"""
3192,null,null,"""Sample 79800 training sample - Nike jeans and pants"""
3196,null,null,"""Sample 79900 training sample - Nike pants and socks"""
3200,null,null,"""Sample 80000 training sample - Nike shoes and pants"""
3204,null,null,"""Sample 80100 training sample - Nike hoodies and socks"""
3208,null,null,"""Sample 80200 training sample - Nike football and socks"""
3212,null,null,"""Sample 80300 training sample - Nike pants and football"""
3216,null,null,"""Sample 80400 training sample - Nike jeans and shoes"""
3220,null,null,"""Sample 80500 training sample - Nike football and pants"""
3224,null,null,"""Sample 80600 training sample - Nike hoodies and hoodies"""
3228,null,null,"""Sample 80700 training sample - Nike sweaters and hoodies"""
3232,null,null,"""Sample 80800 training sample - Nike tshirts and jeans"""
3236,null,null,"""Sample 80900 training sample - Nike tshirts and tshirts"""
3240,null,null,"""Sample 81000 training sample - Nike football and hoodies"""
3244,null,null,"""Sample 81100 training sample - Nike pants and football"""
3248,null,null,"""Sample 81200 training sample - Nike pants and sweaters"""
3252,null,null,"""Sample 81300 training sample - Nike sweaters and pants"""
3256,null,null,"""Sample 81400 training sample - Nike shoes and socks"""
3260,null,null,"""Sample 81500 training sample - Nike football and jeans"""
3264,null,null,"""Sample 81600 training sample - Nike football and socks"""
3268,null,null,"""Sample 81700 training sample - Nike football and jeans"""
3272,null,null,"""Sample 81800 training sample - Nike football and socks"""
3276,null,null,"""Sample 81900 training sample - Nike pants and tshirts"""
3280,null,null,"""Sample 82000 training sample - Nike pants and football"""
3284,null,null,"""Sample 82100 training sample - Nike football and jeans"""
3288,null,null,"""Sample 82200 training sample - Nike tshirts and tshirts"""
3292,null,null,"""Sample 82300 training sample - Nike tshirts and sweaters"""
3296,null,null,"""Sample 82400 training sample - Nike pants and hoodies"""
3300,null,null,"""Sample 82500 training sample - Nike jeans and shoes"""
3304,null,null,"""Sample 82600 training sample - Nike socks and shoes"""
3308,null,null,"""Sample 82700 training sample - Nike football and pants"""
3312,null,null,"""Sample 82800 training sample - Nike football and jeans"""
3316,null,null,"""Sample 82900 training sample - Nike pants and jeans"""
3320,null,null,"""Sample 83000 training sample - Nike sweaters and pants"""
3324,null,null,"""Sample 83100 training sample - Nike sweaters and sweaters"""
3328,null,null,"""Sample 83200 training sample - Nike football and socks"""
3332,null,null,"""Sample 83300 training sample - Nike sweaters and socks"""
3336,null,null,"""Sample 83400 training sample - Nike shoes and football"""
3340,null,null,"""Sample 83500 training sample - Nike football and socks"""
3344,null,null,"""Sample 83600 training sample - Nike shoes and hoodies"""
3348,null,null,"""Sample 83700 training sample - Nike pants and football"""
3352,null,null,"""Sample 83800 training sample - Nike shoes and hoodies"""
3356,null,null,"""Sample 83900 training sample - Nike hoodies and tshirts"""
3360,null,null,"""Sample 84000 training sample - Nike tshirts and shoes"""
3364,null,null,"""Sample 84100 training sample - Nike tshirts and sweaters"""
3368,null,null,"""Sample 84200 training sample - Nike shoes and tshirts"""
3372,null,null,"""Sample 84300 training sample - Nike socks and sweaters"""
3376,null,null,"""Sample 84400 training sample - Nike tshirts and pants"""
3380,null,null,"""Sample 84500 training sample - Nike socks and pants"""
3384,null,null,"""Sample 84600 training sample - Nike hoodies and shoes"""
3388,null,null,"""Sample 84700 training sample - Nike football and tshirts"""
3392,null,null,"""Sample 84800 training sample - Nike tshirts and pants"""
3396,null,null,"""Sample 84900 training sample - Nike tshirts and hoodies"""
3400,null,null,"""Sample 85000 training sample - Nike hoodies and football"""
3404,null,null,"""Sample 85100 training sample - Nike tshirts and football"""
3408,null,null,"""Sample 85200 training sample - Nike tshirts and jeans"""
3412,null,null,"""Sample 85300 training sample - Nike football and tshirts"""
3416,null,null,"""Sample 85400 training sample - Nike sweaters and tshirts"""
3420,null,null,"""Sample 85500 training sample - Nike pants and jeans"""
3424,null,null,"""Sample 85600 training sample - Nike jeans and pants"""
3428,null,null,"""Sample 85700 training sample - Nike football and hoodies"""
3432,null,null,"""Sample 85800 training sample - Nike football and tshirts"""
3436,null,null,"""Sample 85900 training sample - Nike socks and football"""
3440,null,null,"""Sample 86000 training sample - Nike socks and jeans"""
3444,null,null,"""Sample 86100 training sample - Nike football and jeans"""
3448,null,null,"""Sample 86200 training sample - Nike hoodies and sweaters"""
3452,null,null,"""Sample 86300 training sample - Nike socks and shoes"""
3456,null,null,"""Sample 86400 training sample - Nike tshirts and hoodies"""
3460,null,null,"""Sample 86500 training sample - Nike pants and shoes"""
3464,null,null,"""Sample 86600 training sample - Nike jeans and shoes"""
3468,null,null,"""Sample 86700 training sample - Nike shoes and socks"""
3472,null,null,"""Sample 86800 training sample - Nike socks and football"""
3476,null,null,"""Sample 86900 training sample - Nike shoes and jeans"""
3480,null,null,"""Sample 87000 training sample - Nike jeans and football"""
3484,null,null,"""Sample 87100 training sample - Nike pants and jeans"""
3488,null,null,"""Sample 87200 training sample - Nike football and socks"""
3492,null,null,"""Sample 87300 training sample - Nike jeans and sweaters"""
3496,null,null,"""Sample 87400 training sample - Nike sweaters and sweaters"""
3500,null,null,"""Sample 87500 training sample - Nike shoes and socks"""
3504,null,null,"""Sample 87600 training sample - Nike socks and hoodies"""
3508,null,null,"""Sample 87700 training sample - Nike socks and socks"""
3512,null,null,"""Sample 87800 training sample - Nike socks and football"""
3516,null,null,"""Sample 87900 training sample - Nike shoes and shoes"""
3520,null,null,"""Sample 88000 training sample - Nike hoodies and jeans"""
3524,null,null,"""Sample 88100 training sample - Nike hoodies and sweaters"""
3528,null,null,"""Sample 88200 training sample - Nike football and hoodies"""
3532,null,null,"""Sample 88300 training sample - Nike pants and pants"""
3536,null,null,"""Sample 88400 training sample - Nike pants and pants"""
3540,null,null,"""Sample 88500 training sample - Nike sweaters and sweaters"""
3544,null,null,"""Sample 88600 training sample - Nike sweaters and jeans"""
3548,null,null,"""Sample 88700 training sample - Nike pants and shoes"""
3552,null,null,"""Sample 88800 training sample - Nike hoodies and pants"""
3556,null,null,"""Sample 88900 training sample - Nike tshirts and jeans"""
3560,null,null,"""Sample 89000 training sample - Nike shoes and football"""
3564,null,null,"""Sample 89100 training sample - Nike tshirts and shoes"""
3568,null,null,"""Sample 89200 training sample - Nike shoes and sweaters"""
3572,null,null,"""Sample 89300 training sample - Nike socks and sweaters"""
3576,null,null,"""Sample 89400 training sample - Nike sweaters and sweaters"""
3580,null,null,"""Sample 89500 training sample - Nike shoes and hoodies"""
3584,null,null,"""Sample 89600 training sample - Nike shoes and pants"""
3588,null,null,"""Sample 89700 training sample - Nike pants and hoodies"""
3592,null,null,"""Sample 89800 training sample - Nike football and football"""
3596,null,null,"""Sample 89900 training sample - Nike jeans and sweaters"""
3600,null,null,"""Sample 90000 training sample - Nike jeans and shoes"""
3604,null,null,"""Sample 90100 training sample - Nike tshirts and football"""
3608,null,null,"""Sample 90200 training sample - Nike tshirts and jeans"""
3612,null,null,"""Sample 90300 training sample - Nike pants and jeans"""
3616,null,null,"""Sample 90400 training sample - Nike pants and jeans"""
3620,null,null,"""Sample 90500 training sample - Nike shoes and football"""
3624,null,null,"""Sample 90600 training sample - Nike hoodies and socks"""
3628,null,null,"""Sample 90700 training sample - Nike tshirts and sweaters"""
3632,null,null,"""Sample 90800 training sample - Nike tshirts and tshirts"""
3636,null,null,"""Sample 90900 training sample - Nike pants and tshirts"""
3640,null,null,"""Sample 91000 training sample - Nike jeans and hoodies"""
3644,null,null,"""Sample 91100 training sample - Nike hoodies and jeans"""
3648,null,null,"""Sample 91200 training sample - Nike sweaters and sweaters"""
3652,null,null,"""Sample 91300 training sample - Nike socks and pants"""
3656,null,null,"""Sample 91400 training sample - Nike sweaters and football"""
3660,null,null,"""Sample 91500 training sample - Nike pants and football"""
3664,null,null,"""Sample 91600 training sample - Nike football and pants"""
3668,null,null,"""Sample 91700 training sample - Nike football and hoodies"""
3672,null,null,"""Sample 91800 training sample - Nike football and tshirts"""
3676,null,null,"""Sample 91900 training sample - Nike hoodies and jeans"""
3680,null,null,"""Sample 92000 training sample - Nike hoodies and hoodies"""
3684,null,null,"""Sample 92100 training sample - Nike sweaters and hoodies"""
3688,null,null,"""Sample 92200 training sample - Nike hoodies and sweaters"""
3692,null,null,"""Sample 92300 training sample - Nike pants and jeans"""
3696,null,null,"""Sample 92400 training sample - Nike tshirts and jeans"""
3700,null,null,"""Sample 92500 training sample - Nike sweaters and sweaters"""
3704,null,null,"""Sample 92600 training sample - Nike pants and football"""
3708,null,null,"""Sample 92700 training sample - Nike shoes and tshirts"""
3712,null,null,"""Sample 92800 training sample - Nike shoes and shoes"""
3716,null,null,"""Sample 92900 training sample - Nike pants and football"""
3720,null,null,"""Sample 93000 training sample - Nike shoes and jeans"""
3724,null,null,"""Sample 93100 training sample - Nike shoes and hoodies"""
3728,null,null,"""Sample 93200 training sample - Nike pants and football"""
3732,null,null,"""Sample 93300 training sample - Nike socks and shoes"""
3736,null,null,"""Sample 93400 training sample - Nike sweaters and socks"""
3740,null,null,"""Sample 93500 training sample - Nike hoodies and football"""
3744,null,null,"""Sample 93600 training sample - Nike football and pants"""
3748,null,null,"""Sample 93700 training sample - Nike hoodies and football"""
3752,null,null,"""Sample 93800 training sample - Nike jeans and socks"""
3756,null,null,"""Sample 93900 training sample - Nike socks and shoes"""
3760,null,null,"""Sample 94000 training sample - Nike sweaters and tshirts"""
3764,null,null,"""Sample 94100 training sample - Nike jeans and hoodies"""
3768,null,null,"""Sample 94200 training sample - Nike socks and pants"""
3772,null,null,"""Sample 94300 training sample - Nike shoes and socks"""
3776,null,null,"""Sample 94400 training sample - Nike shoes and football"""
3780,null,null,"""Sample 94500 training sample - Nike socks and jeans"""
3784,null,null,"""Sample 94600 training sample - Nike socks and football"""
3788,null,null,"""Sample 94700 training sample - Nike pants and tshirts"""
3792,null,null,"""Sample 94800 training sample - Nike pants and socks"""
3796,null,null,"""Sample 94900 training sample - Nike tshirts and shoes"""
3800,null,null,"""Sample 95000 training sample - Nike socks and jeans"""
3804,null,null,"""Sample 95100 training sample - Nike tshirts and pants"""
3808,null,null,"""Sample 95200 training sample - Nike tshirts and tshirts"""
3812,null,null,"""Sample 95300 training sample - Nike shoes and socks"""
3816,null,null,"""Sample 95400 training sample - Nike sweaters and tshirts"""
3820,null,null,"""Sample 95500 training sample - Nike football and pants"""
3824,null,null,"""Sample 95600 training sample - Nike shoes and pants"""
3828,null,null,"""Sample 95700 training sample - Nike shoes and pants"""
3832,null,null,"""Sample 95800 training sample - Nike shoes and tshirts"""
3836,null,null,"""Sample 95900 training sample - Nike jeans and socks"""
3840,null,null,"""Sample 96000 training sample - Nike jeans and socks"""
3844,null,null,"""Sample 96100 training sample - Nike socks and sweaters"""
3848,null,null,"""Sample 96200 training sample - Nike jeans and shoes"""
3852,null,null,"""Sample 96300 training sample - Nike socks and socks"""
3856,null,null,"""Sample 96400 training sample - Nike tshirts and tshirts"""
3860,null,null,"""Sample 96500 training sample - Nike sweaters and football"""
3864,null,null,"""Sample 96600 training sample - Nike socks and socks"""
3868,null,null,"""Sample 96700 training sample - Nike jeans and shoes"""
3872,null,null,"""Sample 96800 training sample - Nike jeans and pants"""
3876,null,null,"""Sample 96900 training sample - Nike sweaters and jeans"""
3880,null,null,"""Sample 97000 training sample - Nike hoodies and socks"""
3884,null,null,"""Sample 97100 training sample - Nike socks and shoes"""
3888,null,null,"""Sample 97200 training sample - Nike jeans and hoodies"""
3892,null,null,"""Sample 97300 training sample - Nike socks and pants"""
3896,null,null,"""Sample 97400 training sample - Nike tshirts and shoes"""
3900,null,null,"""Sample 97500 training sample - Nike football and sweaters"""
3904,null,null,"""Sample 97600 training sample - Nike tshirts and sweaters"""
3908,null,null,"""Sample 97700 training sample - Nike socks and hoodies"""
3912,null,null,"""Sample 97800 training sample - Nike pants and tshirts"""
3916,null,null,"""Sample 97900 training sample - Nike tshirts and football"""
3920,null,null,"""Sample 98000 training sample - Nike shoes and tshirts"""
3924,null,null,"""Sample 98100 training sample - Nike socks and hoodies"""
3928,null,null,"""Sample 98200 training sample - Nike hoodies and jeans"""
3932,null,null,"""Sample 98300 training sample - Nike jeans and shoes"""
3936,null,null,"""Sample 98400 training sample - Nike pants and jeans"""
3940,null,null,"""Sample 98500 training sample - Nike socks and pants"""
3944,null,null,"""Sample 98600 training sample - Nike sweaters and shoes"""
3948,null,null,"""Sample 98700 training sample - Nike socks and jeans"""
3952,null,null,"""Sample 98800 training sample - Nike sweaters and shoes"""
3956,null,null,"""Sample 98900 training sample - Nike shoes and shoes"""
3960,null,null,"""Sample 99000 training sample - Nike shoes and pants"""
3964,null,null,"""Sample 99100 training sample - Nike football and socks"""
3968,null,null,"""Sample 99200 training sample - Nike tshirts and jeans"""
3972,null,null,"""Sample 99300 training sample - Nike socks and hoodies"""
3976,null,null,"""Sample 99400 training sample - Nike pants and jeans"""
3980,null,null,"""Sample 99500 training sample - Nike pants and sweaters"""
3984,null,null,"""Sample 99600 training sample - Nike shoes and football"""
3988,null,null,"""Sample 99700 training sample - Nike socks and football"""
3992,null,null,"""Sample 99800 training sample - Nike pants and socks"""
3996,null,null,"""Sample 99900 training sample - Nike shoes and jeans"""
